,Train ROC-AUC,Test ROC-AUC,Test Accuracy,Test Precision,Test Recall,Test F1,CV Mean,CV Std
logistic_regression,0.7655824691859926,0.7622555819913553,0.6986784255573766,0.1677702464443835,0.6899774411859491,0.26991080714803495,,
random_forest,0.8305636837514355,0.7391864034097304,0.7502666562605687,0.17789677227428233,0.5781501772478247,0.27207582938388625,,
