,Train ROC-AUC,Test ROC-AUC,Test Accuracy,Test Precision,Test Recall,Test F1,CV Mean,CV Std,Overfit (Train-Test)
catboost,0.8497483873459714,0.7792806866338571,0.6174068003850256,0.15000150815914096,0.8013213019658395,0.25269950964201326,,,0.07046770071211428
logistic_regression,0.7502757268207949,0.7525847964690667,0.49703426207757745,0.12369293547564397,0.8596519497260715,0.21626770983237734,,,-0.002309069648271822
random_forest,0.7787651190687422,0.7479112722641428,0.42874424412705847,0.11349800143486727,0.8922010957138253,0.20137840737575238,,,0.03085384680459946
sgd_classifier,0.630217514347133,0.6320913288869923,0.5235698119097791,0.10853172049929224,0.6795037060908798,0.18716850491555892,,,-0.001873814539859242
