,Train ROC-AUC,Test ROC-AUC,Test Accuracy,Test Precision,Test Recall,Test F1,CV Mean,CV Std,Overfit (Train-Test)
catboost,0.8565708386000974,0.785390623842884,0.6828091261479227,0.16929234127706022,0.749758298420883,0.2762162001721528,,,0.07118021475721337
lightgbm,0.8333227292919099,0.7841087559338277,0.6648976300111865,0.1635468997316083,0.7658717370286819,0.26953612339798116,,,0.0492139733580822
xgboost,0.832389097225593,0.782276250157687,0.6669138114935352,0.16400540334591804,0.7629713180792781,0.2699774781195655,,,0.050112847067905975
logistic_regression,0.7576890623553725,0.7556224094738119,0.9195348474205884,0.5625,0.014502094747019014,0.02827521206409048,,,0.0020666528815606044
random_forest,0.7454600392765258,0.7429597027780123,0.9192746949712531,0.0,0.0,0.0,,,0.0025003364985135557
