,Train ROC-AUC,Test ROC-AUC,Test Accuracy,Test Precision,Test Recall,Test F1,CV Mean,CV Std,Overfit (Train-Test)
lightgbm,0.7979060710493754,0.7730741057296936,0.5389708369104295,0.1328762650995756,0.8525620367386401,0.2299185225420967,0.770283400090871,0.0035204935043773302,0.024831965319681792
logistic_regression,0.7503880012406855,0.7527389767590735,0.6911340045266526,0.1623609132560736,0.6795037060908798,0.2620963982721651,0.7493680639764513,0.004253114565844074,-0.002350975518388032
random_forest,0.7798141067544232,0.749555735862473,0.7095137750721923,0.16747773012207193,0.6543667418627135,0.26669731398174296,0.7467732776991689,0.0038018876001356186,0.03025837089195016
