,Train ROC-AUC,Test ROC-AUC,Test Accuracy,Test Precision,Test Recall,Test F1,CV Mean,CV Std,Overfit (Train-Test)
catboost,0.8442275775745063,0.7785599207964482,0.5902208694294857,0.1443354047746253,0.8271028037383178,0.24578036342742224,,,0.06566765677805808
lightgbm,0.7974199262716768,0.7732356687616935,0.5414292775566482,0.1334544720371492,0.852078633580406,0.23076587388173686,,,0.02418425750998332
logistic_regression,0.7503233733160516,0.7526139922724078,0.49711230781237803,0.12376249101574274,0.8601353528843055,0.2163893224152259,,,-0.002290618956356183
random_forest,0.8575109127368422,0.7515017951873607,0.6033455604984521,0.1415795997874978,0.7729616500161134,0.2393234883256835,,,0.1060091175494815
sgd_classifier,0.630217514347133,0.6320913288869923,0.5235698119097791,0.10853172049929224,0.6795037060908798,0.18716850491555892,,,-0.001873814539859242
