,Train ROC-AUC,Test ROC-AUC,Test Accuracy,Test Precision,Test Recall,Test F1,CV Mean,CV Std,Overfit (Train-Test)
lightgbm,0.7979060710493754,0.7730741057296936,0.5389708369104295,0.1328762650995756,0.8525620367386401,0.2299185225420967,0.770283400090871,0.0035204935043773302,0.024831965319681792
