,Train ROC-AUC,Test ROC-AUC,Test Accuracy,Test Precision,Test Recall,Test F1,CV Mean,CV Std,Overfit (Train-Test)
lightgbm,0.805030002333134,0.7758206749936579,0.545214495694477,0.1341069292821335,0.8491782146310023,0.23163307913763928,,,0.02920932733947612
logistic_regression,0.7639271633566738,0.7619697367223917,0.5176773589323344,0.12752147476112344,0.8515952304221721,0.2218258132214061,,,0.001957426634282111
random_forest,0.8663662640646579,0.7382213344772648,0.5741564556830303,0.13396059820098227,0.7823074444086368,0.2287504711647192,,,0.1281449295873931
sgd_classifier,0.6200195741106658,0.6182914017604471,0.5217227295194984,0.11170118155253463,0.7083467611988399,0.19297205943679901,,,0.0017281723502187152
