,Train ROC-AUC,Test ROC-AUC,Test Accuracy,Test Precision,Test Recall,Test F1,CV Mean,CV Std
logistic_regression,0.7655824691859926,0.7622555819913553,0.6986784255573766,0.1677702464443835,0.6899774411859491,0.26991080714803495,,
random_forest,0.7805723853090349,0.738825839228522,0.7117380785140092,0.16530312565554856,0.6348694811472768,0.26230817882227625,,
lightgbm,0.8799287584832296,0.777475191250866,0.7541689430005983,0.19380518164712693,0.647276828875282,0.2982957709872647,,
