,Train ROC-AUC,Test ROC-AUC,Test Accuracy,Test Precision,Test Recall,Test F1,CV Mean,CV Std,Overfit (Train-Test)
lightgbm,0.8142015534288555,0.7547622744310116,0.9194177788183876,0.5220883534136547,0.020947470190138574,0.040278853601859024,0.7480146468920976,0.0029550704279985647,0.05943927899784385
